<?xml version="1.0"?>
<doc>
    <assembly>
        <name>Google.Apis.Pagespeedonline.v4</name>
    </assembly>
    <members>
        <member name="T:Google.Apis.Pagespeedonline.v4.PagespeedonlineService">
            <summary>The Pagespeedonline Service.</summary>
        </member>
        <member name="F:Google.Apis.Pagespeedonline.v4.PagespeedonlineService.Version">
            <summary>The API version.</summary>
        </member>
        <member name="F:Google.Apis.Pagespeedonline.v4.PagespeedonlineService.DiscoveryVersionUsed">
            <summary>The discovery version used to generate this service.</summary>
        </member>
        <member name="M:Google.Apis.Pagespeedonline.v4.PagespeedonlineService.#ctor">
            <summary>Constructs a new service.</summary>
        </member>
        <member name="M:Google.Apis.Pagespeedonline.v4.PagespeedonlineService.#ctor(Google.Apis.Services.BaseClientService.Initializer)">
            <summary>Constructs a new service.</summary>
            <param name="initializer">The service initializer.</param>
        </member>
        <member name="P:Google.Apis.Pagespeedonline.v4.PagespeedonlineService.Features">
            <summary>Gets the service supported features.</summary>
        </member>
        <member name="P:Google.Apis.Pagespeedonline.v4.PagespeedonlineService.Name">
            <summary>Gets the service name.</summary>
        </member>
        <member name="P:Google.Apis.Pagespeedonline.v4.PagespeedonlineService.BaseUri">
            <summary>Gets the service base URI.</summary>
        </member>
        <member name="P:Google.Apis.Pagespeedonline.v4.PagespeedonlineService.BasePath">
            <summary>Gets the service base path.</summary>
        </member>
        <member name="P:Google.Apis.Pagespeedonline.v4.PagespeedonlineService.BatchUri">
            <summary>Gets the batch base URI; <c>null</c> if unspecified.</summary>
        </member>
        <member name="P:Google.Apis.Pagespeedonline.v4.PagespeedonlineService.BatchPath">
            <summary>Gets the batch base path; <c>null</c> if unspecified.</summary>
        </member>
        <member name="P:Google.Apis.Pagespeedonline.v4.PagespeedonlineService.Pagespeedapi">
            <summary>Gets the Pagespeedapi resource.</summary>
        </member>
        <member name="T:Google.Apis.Pagespeedonline.v4.PagespeedonlineBaseServiceRequest`1">
            <summary>A base abstract class for Pagespeedonline requests.</summary>
        </member>
        <member name="M:Google.Apis.Pagespeedonline.v4.PagespeedonlineBaseServiceRequest`1.#ctor(Google.Apis.Services.IClientService)">
            <summary>Constructs a new PagespeedonlineBaseServiceRequest instance.</summary>
        </member>
        <member name="P:Google.Apis.Pagespeedonline.v4.PagespeedonlineBaseServiceRequest`1.Alt">
            <summary>Data format for the response.</summary>
            [default: json]
        </member>
        <member name="T:Google.Apis.Pagespeedonline.v4.PagespeedonlineBaseServiceRequest`1.AltEnum">
            <summary>Data format for the response.</summary>
        </member>
        <member name="F:Google.Apis.Pagespeedonline.v4.PagespeedonlineBaseServiceRequest`1.AltEnum.Json">
            <summary>Responses with Content-Type of application/json</summary>
        </member>
        <member name="P:Google.Apis.Pagespeedonline.v4.PagespeedonlineBaseServiceRequest`1.Fields">
            <summary>Selector specifying which fields to include in a partial response.</summary>
        </member>
        <member name="P:Google.Apis.Pagespeedonline.v4.PagespeedonlineBaseServiceRequest`1.Key">
            <summary>API key. Your API key identifies your project and provides you with API access, quota, and reports.
            Required unless you provide an OAuth 2.0 token.</summary>
        </member>
        <member name="P:Google.Apis.Pagespeedonline.v4.PagespeedonlineBaseServiceRequest`1.OauthToken">
            <summary>OAuth 2.0 token for the current user.</summary>
        </member>
        <member name="P:Google.Apis.Pagespeedonline.v4.PagespeedonlineBaseServiceRequest`1.PrettyPrint">
            <summary>Returns response with indentations and line breaks.</summary>
            [default: true]
        </member>
        <member name="P:Google.Apis.Pagespeedonline.v4.PagespeedonlineBaseServiceRequest`1.QuotaUser">
            <summary>Available to use for quota purposes for server-side applications. Can be any arbitrary string
            assigned to a user, but should not exceed 40 characters. Overrides userIp if both are provided.</summary>
        </member>
        <member name="P:Google.Apis.Pagespeedonline.v4.PagespeedonlineBaseServiceRequest`1.UserIp">
            <summary>IP address of the site where the request originates. Use this if you want to enforce per-user
            limits.</summary>
        </member>
        <member name="M:Google.Apis.Pagespeedonline.v4.PagespeedonlineBaseServiceRequest`1.InitParameters">
            <summary>Initializes Pagespeedonline parameter list.</summary>
        </member>
        <member name="T:Google.Apis.Pagespeedonline.v4.PagespeedapiResource">
            <summary>The "pagespeedapi" collection of methods.</summary>
        </member>
        <member name="F:Google.Apis.Pagespeedonline.v4.PagespeedapiResource.service">
            <summary>The service which this resource belongs to.</summary>
        </member>
        <member name="M:Google.Apis.Pagespeedonline.v4.PagespeedapiResource.#ctor(Google.Apis.Services.IClientService)">
            <summary>Constructs a new resource.</summary>
        </member>
        <member name="M:Google.Apis.Pagespeedonline.v4.PagespeedapiResource.Runpagespeed(System.String)">
            <summary>Runs PageSpeed analysis on the page at the specified URL, and returns PageSpeed scores, a list of
            suggestions to make that page faster, and other information.</summary>
            <param name="url">The URL to fetch and analyze</param>
        </member>
        <member name="T:Google.Apis.Pagespeedonline.v4.PagespeedapiResource.RunpagespeedRequest">
            <summary>Runs PageSpeed analysis on the page at the specified URL, and returns PageSpeed scores, a list of
            suggestions to make that page faster, and other information.</summary>
        </member>
        <member name="M:Google.Apis.Pagespeedonline.v4.PagespeedapiResource.RunpagespeedRequest.#ctor(Google.Apis.Services.IClientService,System.String)">
            <summary>Constructs a new Runpagespeed request.</summary>
        </member>
        <member name="P:Google.Apis.Pagespeedonline.v4.PagespeedapiResource.RunpagespeedRequest.Url">
            <summary>The URL to fetch and analyze</summary>
        </member>
        <member name="P:Google.Apis.Pagespeedonline.v4.PagespeedapiResource.RunpagespeedRequest.FilterThirdPartyResources">
            <summary>Indicates if third party resources should be filtered out before PageSpeed analysis.</summary>
            [default: false]
        </member>
        <member name="P:Google.Apis.Pagespeedonline.v4.PagespeedapiResource.RunpagespeedRequest.Locale">
            <summary>The locale used to localize formatted results</summary>
        </member>
        <member name="P:Google.Apis.Pagespeedonline.v4.PagespeedapiResource.RunpagespeedRequest.Rule">
            <summary>A PageSpeed rule to run; if none are given, all rules are run</summary>
        </member>
        <member name="P:Google.Apis.Pagespeedonline.v4.PagespeedapiResource.RunpagespeedRequest.Screenshot">
            <summary>Indicates if binary data containing a screenshot should be included</summary>
            [default: false]
        </member>
        <member name="P:Google.Apis.Pagespeedonline.v4.PagespeedapiResource.RunpagespeedRequest.Snapshots">
            <summary>Indicates if binary data containing snapshot images should be included</summary>
            [default: false]
        </member>
        <member name="P:Google.Apis.Pagespeedonline.v4.PagespeedapiResource.RunpagespeedRequest.Strategy">
            <summary>The analysis strategy (desktop or mobile) to use, and desktop is the default</summary>
        </member>
        <member name="T:Google.Apis.Pagespeedonline.v4.PagespeedapiResource.RunpagespeedRequest.StrategyEnum">
            <summary>The analysis strategy (desktop or mobile) to use, and desktop is the default</summary>
        </member>
        <member name="F:Google.Apis.Pagespeedonline.v4.PagespeedapiResource.RunpagespeedRequest.StrategyEnum.Desktop">
            <summary>Fetch and analyze the URL for desktop browsers</summary>
        </member>
        <member name="F:Google.Apis.Pagespeedonline.v4.PagespeedapiResource.RunpagespeedRequest.StrategyEnum.Mobile">
            <summary>Fetch and analyze the URL for mobile devices</summary>
        </member>
        <member name="P:Google.Apis.Pagespeedonline.v4.PagespeedapiResource.RunpagespeedRequest.UtmCampaign">
            <summary>Campaign name for analytics.</summary>
        </member>
        <member name="P:Google.Apis.Pagespeedonline.v4.PagespeedapiResource.RunpagespeedRequest.UtmSource">
            <summary>Campaign source for analytics.</summary>
        </member>
        <member name="P:Google.Apis.Pagespeedonline.v4.PagespeedapiResource.RunpagespeedRequest.MethodName">
            <summary>Gets the method name.</summary>
        </member>
        <member name="P:Google.Apis.Pagespeedonline.v4.PagespeedapiResource.RunpagespeedRequest.HttpMethod">
            <summary>Gets the HTTP method.</summary>
        </member>
        <member name="P:Google.Apis.Pagespeedonline.v4.PagespeedapiResource.RunpagespeedRequest.RestPath">
            <summary>Gets the REST path.</summary>
        </member>
        <member name="M:Google.Apis.Pagespeedonline.v4.PagespeedapiResource.RunpagespeedRequest.InitParameters">
            <summary>Initializes Runpagespeed parameter list.</summary>
        </member>
        <member name="P:Google.Apis.Pagespeedonline.v4.Data.PagespeedApiFormatStringV4.Args">
            <summary>List of arguments for the format string.</summary>
        </member>
        <member name="P:Google.Apis.Pagespeedonline.v4.Data.PagespeedApiFormatStringV4.Format">
            <summary>A localized format string with {{FOO}} placeholders, where 'FOO' is the key of the argument whose
            value should be substituted. For HYPERLINK arguments, the format string will instead contain {{BEGIN_FOO}}
            and {{END_FOO}} for the argument with key 'FOO'.</summary>
        </member>
        <member name="P:Google.Apis.Pagespeedonline.v4.Data.PagespeedApiFormatStringV4.ETag">
            <summary>The ETag of the item.</summary>
        </member>
        <member name="P:Google.Apis.Pagespeedonline.v4.Data.PagespeedApiFormatStringV4.ArgsData.Key">
            <summary>The placeholder key for this arg, as a string.</summary>
        </member>
        <member name="P:Google.Apis.Pagespeedonline.v4.Data.PagespeedApiFormatStringV4.ArgsData.Rects">
            <summary>The screen rectangles being referred to, with dimensions measured in CSS pixels. This is only
            ever used for SNAPSHOT_RECT arguments. If this is absent for a SNAPSHOT_RECT argument, it means that
            that argument refers to the entire snapshot.</summary>
        </member>
        <member name="P:Google.Apis.Pagespeedonline.v4.Data.PagespeedApiFormatStringV4.ArgsData.SecondaryRects">
            <summary>Secondary screen rectangles being referred to, with dimensions measured in CSS pixels. This is
            only ever used for SNAPSHOT_RECT arguments.</summary>
        </member>
        <member name="P:Google.Apis.Pagespeedonline.v4.Data.PagespeedApiFormatStringV4.ArgsData.Type">
            <summary>Type of argument. One of URL, STRING_LITERAL, INT_LITERAL, BYTES, DURATION, VERBATIM_STRING,
            PERCENTAGE, HYPERLINK, or SNAPSHOT_RECT.</summary>
        </member>
        <member name="P:Google.Apis.Pagespeedonline.v4.Data.PagespeedApiFormatStringV4.ArgsData.Value">
            <summary>Argument value, as a localized string.</summary>
        </member>
        <member name="P:Google.Apis.Pagespeedonline.v4.Data.PagespeedApiImageV4.Data">
            <summary>Image data base64 encoded.</summary>
        </member>
        <member name="P:Google.Apis.Pagespeedonline.v4.Data.PagespeedApiImageV4.Height">
            <summary>Height of screenshot in pixels.</summary>
        </member>
        <member name="P:Google.Apis.Pagespeedonline.v4.Data.PagespeedApiImageV4.Key">
            <summary>Unique string key, if any, identifying this image.</summary>
        </member>
        <member name="P:Google.Apis.Pagespeedonline.v4.Data.PagespeedApiImageV4.MimeType">
            <summary>Mime type of image data (e.g. "image/jpeg").</summary>
        </member>
        <member name="P:Google.Apis.Pagespeedonline.v4.Data.PagespeedApiImageV4.Width">
            <summary>Width of screenshot in pixels.</summary>
        </member>
        <member name="P:Google.Apis.Pagespeedonline.v4.Data.PagespeedApiImageV4.ETag">
            <summary>The ETag of the item.</summary>
        </member>
        <member name="P:Google.Apis.Pagespeedonline.v4.Data.PagespeedApiPagespeedResponseV4.CaptchaResult">
            <summary>The captcha verify result</summary>
        </member>
        <member name="P:Google.Apis.Pagespeedonline.v4.Data.PagespeedApiPagespeedResponseV4.FormattedResults">
            <summary>Localized PageSpeed results. Contains a ruleResults entry for each PageSpeed rule instantiated and
            run by the server.</summary>
        </member>
        <member name="P:Google.Apis.Pagespeedonline.v4.Data.PagespeedApiPagespeedResponseV4.Id">
            <summary>Canonicalized and final URL for the document, after following page redirects (if any).</summary>
        </member>
        <member name="P:Google.Apis.Pagespeedonline.v4.Data.PagespeedApiPagespeedResponseV4.InvalidRules">
            <summary>List of rules that were specified in the request, but which the server did not know how to
            instantiate.</summary>
        </member>
        <member name="P:Google.Apis.Pagespeedonline.v4.Data.PagespeedApiPagespeedResponseV4.Kind">
            <summary>Kind of result.</summary>
        </member>
        <member name="P:Google.Apis.Pagespeedonline.v4.Data.PagespeedApiPagespeedResponseV4.LoadingExperience">
            <summary>Metrics of end users' page loading experience.</summary>
        </member>
        <member name="P:Google.Apis.Pagespeedonline.v4.Data.PagespeedApiPagespeedResponseV4.PageStats">
            <summary>Summary statistics for the page, such as number of JavaScript bytes, number of HTML bytes,
            etc.</summary>
        </member>
        <member name="P:Google.Apis.Pagespeedonline.v4.Data.PagespeedApiPagespeedResponseV4.ResponseCode">
            <summary>Response code for the document. 200 indicates a normal page load. 4xx/5xx indicates an
            error.</summary>
        </member>
        <member name="P:Google.Apis.Pagespeedonline.v4.Data.PagespeedApiPagespeedResponseV4.RuleGroups">
            <summary>A map with one entry for each rule group in these results.</summary>
        </member>
        <member name="P:Google.Apis.Pagespeedonline.v4.Data.PagespeedApiPagespeedResponseV4.Screenshot">
            <summary>Base64-encoded screenshot of the page that was analyzed.</summary>
        </member>
        <member name="P:Google.Apis.Pagespeedonline.v4.Data.PagespeedApiPagespeedResponseV4.Snapshots">
            <summary>Additional base64-encoded screenshots of the page, in various partial render states.</summary>
        </member>
        <member name="P:Google.Apis.Pagespeedonline.v4.Data.PagespeedApiPagespeedResponseV4.Title">
            <summary>Title of the page, as displayed in the browser's title bar.</summary>
        </member>
        <member name="P:Google.Apis.Pagespeedonline.v4.Data.PagespeedApiPagespeedResponseV4.Version">
            <summary>The version of PageSpeed used to generate these results.</summary>
        </member>
        <member name="P:Google.Apis.Pagespeedonline.v4.Data.PagespeedApiPagespeedResponseV4.ETag">
            <summary>The ETag of the item.</summary>
        </member>
        <member name="T:Google.Apis.Pagespeedonline.v4.Data.PagespeedApiPagespeedResponseV4.FormattedResultsData">
            <summary>Localized PageSpeed results. Contains a ruleResults entry for each PageSpeed rule instantiated and
            run by the server.</summary>
        </member>
        <member name="P:Google.Apis.Pagespeedonline.v4.Data.PagespeedApiPagespeedResponseV4.FormattedResultsData.Locale">
            <summary>The locale of the formattedResults, e.g. "en_US".</summary>
        </member>
        <member name="P:Google.Apis.Pagespeedonline.v4.Data.PagespeedApiPagespeedResponseV4.FormattedResultsData.RuleResults">
            <summary>Dictionary of formatted rule results, with one entry for each PageSpeed rule instantiated and
            run by the server.</summary>
        </member>
        <member name="T:Google.Apis.Pagespeedonline.v4.Data.PagespeedApiPagespeedResponseV4.FormattedResultsData.RuleResultsDataElement">
            <summary>The enum-like identifier for this rule. For instance "EnableKeepAlive" or "AvoidCssImport". Not
            localized.</summary>
        </member>
        <member name="P:Google.Apis.Pagespeedonline.v4.Data.PagespeedApiPagespeedResponseV4.FormattedResultsData.RuleResultsDataElement.Beta">
            <summary>Whether this rule is in 'beta'. Rules in beta are new rules that are being tested, which do
            not impact the overall score.</summary>
        </member>
        <member name="P:Google.Apis.Pagespeedonline.v4.Data.PagespeedApiPagespeedResponseV4.FormattedResultsData.RuleResultsDataElement.Groups">
            <summary>List of rule groups that this rule belongs to. Each entry in the list is one of "SPEED",
            "USABILITY", or "SECURITY".</summary>
        </member>
        <member name="P:Google.Apis.Pagespeedonline.v4.Data.PagespeedApiPagespeedResponseV4.FormattedResultsData.RuleResultsDataElement.LocalizedRuleName">
            <summary>Localized name of the rule, intended for presentation to a user.</summary>
        </member>
        <member name="P:Google.Apis.Pagespeedonline.v4.Data.PagespeedApiPagespeedResponseV4.FormattedResultsData.RuleResultsDataElement.RuleImpact">
            <summary>The impact (unbounded floating point value) that implementing the suggestions for this rule
            would have on making the page faster. Impact is comparable between rules to determine which rule's
            suggestions would have a higher or lower impact on making a page faster. For instance, if enabling
            compression would save 1MB, while optimizing images would save 500kB, the enable compression rule
            would have 2x the impact of the image optimization rule, all other things being equal.</summary>
        </member>
        <member name="P:Google.Apis.Pagespeedonline.v4.Data.PagespeedApiPagespeedResponseV4.FormattedResultsData.RuleResultsDataElement.Summary">
            <summary>A brief summary description for the rule, indicating at a high level what should be done to
            follow the rule and what benefit can be gained by doing so.</summary>
        </member>
        <member name="P:Google.Apis.Pagespeedonline.v4.Data.PagespeedApiPagespeedResponseV4.FormattedResultsData.RuleResultsDataElement.UrlBlocks">
            <summary>List of blocks of URLs. Each block may contain a heading and a list of URLs. Each URL may
            optionally include additional details.</summary>
        </member>
        <member name="P:Google.Apis.Pagespeedonline.v4.Data.PagespeedApiPagespeedResponseV4.FormattedResultsData.RuleResultsDataElement.UrlBlocksData.Header">
            <summary>Heading to be displayed with the list of URLs.</summary>
        </member>
        <member name="P:Google.Apis.Pagespeedonline.v4.Data.PagespeedApiPagespeedResponseV4.FormattedResultsData.RuleResultsDataElement.UrlBlocksData.Urls">
            <summary>List of entries that provide information about URLs in the url block.
            Optional.</summary>
        </member>
        <member name="P:Google.Apis.Pagespeedonline.v4.Data.PagespeedApiPagespeedResponseV4.FormattedResultsData.RuleResultsDataElement.UrlBlocksData.UrlsData.Details">
            <summary>List of entries that provide additional details about a single URL.
            Optional.</summary>
        </member>
        <member name="P:Google.Apis.Pagespeedonline.v4.Data.PagespeedApiPagespeedResponseV4.FormattedResultsData.RuleResultsDataElement.UrlBlocksData.UrlsData.Result">
            <summary>A format string that gives information about the URL, and a list of arguments for
            that format string.</summary>
        </member>
        <member name="T:Google.Apis.Pagespeedonline.v4.Data.PagespeedApiPagespeedResponseV4.LoadingExperienceData">
            <summary>Metrics of end users' page loading experience.</summary>
        </member>
        <member name="P:Google.Apis.Pagespeedonline.v4.Data.PagespeedApiPagespeedResponseV4.LoadingExperienceData.Id">
            <summary>The url, pattern or origin which the metrics are on.</summary>
        </member>
        <member name="T:Google.Apis.Pagespeedonline.v4.Data.PagespeedApiPagespeedResponseV4.LoadingExperienceData.MetricsDataElement">
            <summary>The type of the metric.</summary>
        </member>
        <member name="T:Google.Apis.Pagespeedonline.v4.Data.PagespeedApiPagespeedResponseV4.PageStatsData">
            <summary>Summary statistics for the page, such as number of JavaScript bytes, number of HTML bytes,
            etc.</summary>
        </member>
        <member name="P:Google.Apis.Pagespeedonline.v4.Data.PagespeedApiPagespeedResponseV4.PageStatsData.Cms">
            <summary>Content management system (CMS) used for the page.</summary>
        </member>
        <member name="P:Google.Apis.Pagespeedonline.v4.Data.PagespeedApiPagespeedResponseV4.PageStatsData.CssResponseBytes">
            <summary>Number of uncompressed response bytes for CSS resources on the page.</summary>
        </member>
        <member name="P:Google.Apis.Pagespeedonline.v4.Data.PagespeedApiPagespeedResponseV4.PageStatsData.FlashResponseBytes">
            <summary>Number of response bytes for flash resources on the page.</summary>
        </member>
        <member name="P:Google.Apis.Pagespeedonline.v4.Data.PagespeedApiPagespeedResponseV4.PageStatsData.HtmlResponseBytes">
            <summary>Number of uncompressed response bytes for the main HTML document and all iframes on the
            page.</summary>
        </member>
        <member name="P:Google.Apis.Pagespeedonline.v4.Data.PagespeedApiPagespeedResponseV4.PageStatsData.ImageResponseBytes">
            <summary>Number of response bytes for image resources on the page.</summary>
        </member>
        <member name="P:Google.Apis.Pagespeedonline.v4.Data.PagespeedApiPagespeedResponseV4.PageStatsData.JavascriptResponseBytes">
            <summary>Number of uncompressed response bytes for JS resources on the page.</summary>
        </member>
        <member name="P:Google.Apis.Pagespeedonline.v4.Data.PagespeedApiPagespeedResponseV4.PageStatsData.NumRenderBlockingRoundTrips">
            <summary>The needed round trips to load render blocking resources</summary>
        </member>
        <member name="P:Google.Apis.Pagespeedonline.v4.Data.PagespeedApiPagespeedResponseV4.PageStatsData.NumTotalRoundTrips">
            <summary>The needed round trips to load the full page</summary>
        </member>
        <member name="P:Google.Apis.Pagespeedonline.v4.Data.PagespeedApiPagespeedResponseV4.PageStatsData.NumberCssResources">
            <summary>Number of CSS resources referenced by the page.</summary>
        </member>
        <member name="P:Google.Apis.Pagespeedonline.v4.Data.PagespeedApiPagespeedResponseV4.PageStatsData.NumberHosts">
            <summary>Number of unique hosts referenced by the page.</summary>
        </member>
        <member name="P:Google.Apis.Pagespeedonline.v4.Data.PagespeedApiPagespeedResponseV4.PageStatsData.NumberJsResources">
            <summary>Number of JavaScript resources referenced by the page.</summary>
        </member>
        <member name="P:Google.Apis.Pagespeedonline.v4.Data.PagespeedApiPagespeedResponseV4.PageStatsData.NumberResources">
            <summary>Number of HTTP resources loaded by the page.</summary>
        </member>
        <member name="P:Google.Apis.Pagespeedonline.v4.Data.PagespeedApiPagespeedResponseV4.PageStatsData.NumberRobotedResources">
            <summary>Number of roboted resources.</summary>
        </member>
        <member name="P:Google.Apis.Pagespeedonline.v4.Data.PagespeedApiPagespeedResponseV4.PageStatsData.NumberStaticResources">
            <summary>Number of static (i.e. cacheable) resources on the page.</summary>
        </member>
        <member name="P:Google.Apis.Pagespeedonline.v4.Data.PagespeedApiPagespeedResponseV4.PageStatsData.NumberTransientFetchFailureResources">
            <summary>Number of transient-failed resources.</summary>
        </member>
        <member name="P:Google.Apis.Pagespeedonline.v4.Data.PagespeedApiPagespeedResponseV4.PageStatsData.OtherResponseBytes">
            <summary>Number of response bytes for other resources on the page.</summary>
        </member>
        <member name="P:Google.Apis.Pagespeedonline.v4.Data.PagespeedApiPagespeedResponseV4.PageStatsData.OverTheWireResponseBytes">
            <summary>Number of over-the-wire bytes, uses the default gzip compression strategy as an
            estimation.</summary>
        </member>
        <member name="P:Google.Apis.Pagespeedonline.v4.Data.PagespeedApiPagespeedResponseV4.PageStatsData.RobotedUrls">
            <summary>List of roboted urls.</summary>
        </member>
        <member name="P:Google.Apis.Pagespeedonline.v4.Data.PagespeedApiPagespeedResponseV4.PageStatsData.TextResponseBytes">
            <summary>Number of uncompressed response bytes for text resources not covered by other statistics (i.e
            non-HTML, non-script, non-CSS resources) on the page.</summary>
        </member>
        <member name="P:Google.Apis.Pagespeedonline.v4.Data.PagespeedApiPagespeedResponseV4.PageStatsData.TotalRequestBytes">
            <summary>Total size of all request bytes sent by the page.</summary>
        </member>
        <member name="P:Google.Apis.Pagespeedonline.v4.Data.PagespeedApiPagespeedResponseV4.PageStatsData.TransientFetchFailureUrls">
            <summary>List of transient fetch failure urls.</summary>
        </member>
        <member name="T:Google.Apis.Pagespeedonline.v4.Data.PagespeedApiPagespeedResponseV4.RuleGroupsDataElement">
            <summary>The name of this rule group: one of "SPEED", "USABILITY", or "SECURITY".</summary>
        </member>
        <member name="P:Google.Apis.Pagespeedonline.v4.Data.PagespeedApiPagespeedResponseV4.RuleGroupsDataElement.Score">
            <summary>The score (0-100) for this rule group, which indicates how much better a page could be in that
            category (e.g. how much faster, or how much more usable, or how much more secure). A high score
            indicates little room for improvement, while a lower score indicates more room for
            improvement.</summary>
        </member>
        <member name="T:Google.Apis.Pagespeedonline.v4.Data.PagespeedApiPagespeedResponseV4.VersionData">
            <summary>The version of PageSpeed used to generate these results.</summary>
        </member>
        <member name="P:Google.Apis.Pagespeedonline.v4.Data.PagespeedApiPagespeedResponseV4.VersionData.Major">
            <summary>The major version number of PageSpeed used to generate these results.</summary>
        </member>
        <member name="P:Google.Apis.Pagespeedonline.v4.Data.PagespeedApiPagespeedResponseV4.VersionData.Minor">
            <summary>The minor version number of PageSpeed used to generate these results.</summary>
        </member>
    </members>
</doc>
